"","country","year","Energy Supply per capita"
"1","Afghanistan","1990","4"
"2","Afghanistan","1994","2"
"3","Afghanistan","1998","1"
"4","Afghanistan","2002","1"
"5","Afghanistan","2006","1"
"6","Afghanistan","2010","5"
"7","Afghanistan","2014","4"
"8","Albania","1990","28"
"9","Albania","1994","14"
"10","Albania","1998","14"
"11","Albania","2002","27"
"12","Albania","2006","28"
"13","Albania","2010","31"
"14","Albania","2014","37"
"15","Algeria","1990","43"
"16","Algeria","1994","41"
"17","Algeria","1998","50"
"18","Algeria","2002","40"
"19","Algeria","2006","43"
"20","Algeria","2010","45"
"21","Algeria","2014","54"
"22","Andorra","1990","130"
"23","Andorra","1994","109"
"24","Andorra","1998","129"
"25","Andorra","2002","133"
"26","Andorra","2006","122"
"27","Andorra","2010","114"
"28","Andorra","2014","111"
"29","Angola","1990","23"
"30","Angola","1994","20"
"31","Angola","1998","21"
"32","Angola","2002","21"
"33","Angola","2006","22"
"34","Angola","2010","20"
"35","Angola","2014","26"
"36","Anguilla","1990","87"
"37","Anguilla","1994","98"
"38","Anguilla","1998","103"
"39","Anguilla","2002","111"
"40","Anguilla","2006","147"
"41","Anguilla","2010","155"
"42","Anguilla","2014","136"
"43","Antigua and Barbuda","1990","53"
"44","Antigua and Barbuda","1994","50"
"45","Antigua and Barbuda","1998","54"
"46","Antigua and Barbuda","2002","60"
"47","Antigua and Barbuda","2006","66"
"48","Antigua and Barbuda","2010","69"
"49","Antigua and Barbuda","2014","68"
"50","Argentina","1990","59"
"51","Argentina","1994","61"
"52","Argentina","1998","68"
"53","Argentina","2002","62"
"54","Argentina","2006","80"
"55","Argentina","2010","80"
"56","Argentina","2014","78"
"57","Armenia","1990","..."
"58","Armenia","1994","17"
"59","Armenia","1998","25"
"60","Armenia","2002","26"
"61","Armenia","2006","35"
"62","Armenia","2010","41"
"63","Armenia","2014","49"
"64","Aruba","1990","108"
"65","Aruba","1994","118"
"66","Aruba","1998","126"
"67","Aruba","2002","575"
"68","Aruba","2006","566"
"69","Aruba","2010","550"
"70","Aruba","2014","120"
"71","Australia","1990","217"
"72","Australia","1994","221"
"73","Australia","1998","234"
"74","Australia","2002","239"
"75","Australia","2006","242"
"76","Australia","2010","246"
"77","Australia","2014","226"
"78","Austria","1990","136"
"79","Austria","1994","136"
"80","Austria","1998","151"
"81","Austria","2002","158"
"82","Austria","2006","170"
"83","Austria","2010","168"
"84","Austria","2014","156"
"85","Azerbaijan","1990","..."
"86","Azerbaijan","1994","88"
"87","Azerbaijan","1998","64"
"88","Azerbaijan","2002","59"
"89","Azerbaijan","2006","67"
"90","Azerbaijan","2010","54"
"91","Azerbaijan","2014","62"
"92","Bahamas","1990","100"
"93","Bahamas","1994","88"
"94","Bahamas","1998","91"
"95","Bahamas","2002","88"
"96","Bahamas","2006","80"
"97","Bahamas","2010","96"
"98","Bahamas","2014","89"
"99","Bahrain","1990","433"
"100","Bahrain","1994","464"
"101","Bahrain","1998","518"
"102","Bahrain","2002","427"
"103","Bahrain","2006","428"
"104","Bahrain","2010","413"
"105","Bahrain","2014","418"
"106","Bangladesh","1990","7"
"107","Bangladesh","1994","7"
"108","Bangladesh","1998","8"
"109","Bangladesh","2002","8"
"110","Bangladesh","2006","9"
"111","Bangladesh","2010","10"
"112","Bangladesh","2014","11"
"113","Barbados","1990","62"
"114","Barbados","1994","44"
"115","Barbados","1998","55"
"116","Barbados","2002","59"
"117","Barbados","2006","65"
"118","Barbados","2010","72"
"119","Barbados","2014","59"
"120","Belarus","1990","..."
"121","Belarus","1994","109"
"122","Belarus","1998","102"
"123","Belarus","2002","106"
"124","Belarus","2006","122"
"125","Belarus","2010","122"
"126","Belarus","2014","123"
"127","Belgium","1990","201"
"128","Belgium","1994","218"
"129","Belgium","1998","236"
"130","Belgium","2002","226"
"131","Belgium","2006","228"
"132","Belgium","2010","228"
"133","Belgium","2014","195"
"134","Belize","1990","44"
"135","Belize","1994","44"
"136","Belize","1998","42"
"137","Belize","2002","43"
"138","Belize","2006","42"
"139","Belize","2010","40"
"140","Belize","2014","37"
"141","Benin","1990","16"
"142","Benin","1994","16"
"143","Benin","1998","15"
"144","Benin","2002","14"
"145","Benin","2006","16"
"146","Benin","2010","17"
"147","Benin","2014","17"
"148","Bermuda","1990","118"
"149","Bermuda","1994","124"
"150","Bermuda","1998","118"
"151","Bermuda","2002","121"
"152","Bermuda","2006","139"
"153","Bermuda","2010","138"
"154","Bermuda","2014","157"
"155","Bhutan","1990","67"
"156","Bhutan","1994","73"
"157","Bhutan","1998","79"
"158","Bhutan","2002","76"
"159","Bhutan","2006","73"
"160","Bhutan","2010","78"
"161","Bhutan","2014","83"
"162","Bolivia","1990","16"
"163","Bolivia","1994","19"
"164","Bolivia","1998","23"
"165","Bolivia","2002","22"
"166","Bolivia","2006","29"
"167","Bolivia","2010","26"
"168","Bolivia","2014","32"
"169","Bosnia and Herzegovina","1990","..."
"170","Bosnia and Herzegovina","1994","17"
"171","Bosnia and Herzegovina","1998","41"
"172","Bosnia and Herzegovina","2002","48"
"173","Bosnia and Herzegovina","2006","58"
"174","Bosnia and Herzegovina","2010","72"
"175","Bosnia and Herzegovina","2014","71"
"176","Botswana","1990","28"
"177","Botswana","1994","28"
"178","Botswana","1998","29"
"179","Botswana","2002","34"
"180","Botswana","2006","35"
"181","Botswana","2010","37"
"182","Botswana","2014","45"
"183","Brazil","1990","40"
"184","Brazil","1994","43"
"185","Brazil","1998","46"
"186","Brazil","2002","47"
"187","Brazil","2006","51"
"188","Brazil","2010","56"
"189","Brazil","2014","62"
"190","British Virgin Islands","1990","58"
"191","British Virgin Islands","1994","78"
"192","British Virgin Islands","1998","87"
"193","British Virgin Islands","2002","91"
"194","British Virgin Islands","2006","117"
"195","British Virgin Islands","2010","103"
"196","British Virgin Islands","2014","101"
"197","Brunei Darussalam","1990","424"
"198","Brunei Darussalam","1994","258"
"199","Brunei Darussalam","1998","260"
"200","Brunei Darussalam","2002","199"
"201","Brunei Darussalam","2006","201"
"202","Brunei Darussalam","2010","349"
"203","Brunei Darussalam","2014","362"
"204","Bulgaria","1990","134"
"205","Bulgaria","1994","104"
"206","Bulgaria","1998","103"
"207","Bulgaria","2002","101"
"208","Bulgaria","2006","110"
"209","Bulgaria","2010","100"
"210","Bulgaria","2014","103"
"211","Burkina Faso","1990","10"
"212","Burkina Faso","1994","10"
"213","Burkina Faso","1998","10"
"214","Burkina Faso","2002","5"
"215","Burkina Faso","2006","8"
"216","Burkina Faso","2010","9"
"217","Burkina Faso","2014","9"
"218","Burundi","1990","9"
"219","Burundi","1994","9"
"220","Burundi","1998","9"
"221","Burundi","2002","9"
"222","Burundi","2006","8"
"223","Burundi","2010","7"
"224","Burundi","2014","6"
"225","Cabo Verde","1990","7"
"226","Cabo Verde","1994","7"
"227","Cabo Verde","1998","8"
"228","Cabo Verde","2002","12"
"229","Cabo Verde","2006","17"
"230","Cabo Verde","2010","18"
"231","Cabo Verde","2014","16"
"232","Cambodia","1990","13"
"233","Cambodia","1994","11"
"234","Cambodia","1998","12"
"235","Cambodia","2002","13"
"236","Cambodia","2006","11"
"237","Cambodia","2010","16"
"238","Cambodia","2014","17"
"239","Cameroon","1990","14"
"240","Cameroon","1994","17"
"241","Cameroon","1998","17"
"242","Cameroon","2002","17"
"243","Cameroon","2006","16"
"244","Cameroon","2010","15"
"245","Cameroon","2014","14"
"246","Canada","1990","319"
"247","Canada","1994","333"
"248","Canada","1998","333"
"249","Canada","2002","335"
"250","Canada","2006","356"
"251","Canada","2010","318"
"252","Canada","2014","329"
"253","Cayman Islands","1990","138"
"254","Cayman Islands","1994","166"
"255","Cayman Islands","1998","168"
"256","Cayman Islands","2002","153"
"257","Cayman Islands","2006","128"
"258","Cayman Islands","2010","144"
"259","Cayman Islands","2014","133"
"260","Central African Republic","1990","11"
"261","Central African Republic","1994","10"
"262","Central African Republic","1998","8"
"263","Central African Republic","2002","6"
"264","Central African Republic","2006","5"
"265","Central African Republic","2010","5"
"266","Central African Republic","2014","5"
"267","Chad","1990","8"
"268","Chad","1994","8"
"269","Chad","1998","8"
"270","Chad","2002","7"
"271","Chad","2006","7"
"272","Chad","2010","7"
"273","Chad","2014","6"
"274","Chile","1990","45"
"275","Chile","1994","51"
"276","Chile","1998","67"
"277","Chile","2002","68"
"278","Chile","2006","75"
"279","Chile","2010","76"
"280","Chile","2014","83"
"281","China","1990","27"
"282","China","1994","30"
"283","China","1998","32"
"284","China","2002","38"
"285","China","2006","58"
"286","China","2010","75"
"287","China","2014","86"
"288","China, Hong Kong SAR","1990","54"
"289","China, Hong Kong SAR","1994","66"
"290","China, Hong Kong SAR","1998","83"
"291","China, Hong Kong SAR","2002","80"
"292","China, Hong Kong SAR","2006","82"
"293","China, Hong Kong SAR","2010","77"
"294","China, Hong Kong SAR","2014","82"
"295","China, Macao SAR","1990","40"
"296","China, Macao SAR","1994","46"
"297","China, Macao SAR","1998","54"
"298","China, Macao SAR","2002","51"
"299","China, Macao SAR","2006","59"
"300","China, Macao SAR","2010","60"
"301","China, Macao SAR","2014","65"
"302","Colombia","1990","30"
"303","Colombia","1994","32"
"304","Colombia","1998","30"
"305","Colombia","2002","27"
"306","Colombia","2006","28"
"307","Colombia","2010","31"
"308","Colombia","2014","34"
"309","Comoros","1990","5"
"310","Comoros","1994","6"
"311","Comoros","1998","6"
"312","Comoros","2002","6"
"313","Comoros","2006","7"
"314","Comoros","2010","7"
"315","Comoros","2014","6"
"316","Republic of the Congo","1990","15"
"317","Republic of the Congo","1994","18"
"318","Republic of the Congo","1998","10"
"319","Republic of the Congo","2002","11"
"320","Republic of the Congo","2006","13"
"321","Republic of the Congo","2010","16"
"322","Republic of the Congo","2014","23"
"323","Cook Islands","1990","28"
"324","Cook Islands","1994","30"
"325","Cook Islands","1998","35"
"326","Cook Islands","2002","19"
"327","Cook Islands","2006","35"
"328","Cook Islands","2010","39"
"329","Cook Islands","2014","52"
"330","Costa Rica","1990","22"
"331","Costa Rica","1994","32"
"332","Costa Rica","1998","30"
"333","Costa Rica","2002","38"
"334","Costa Rica","2006","43"
"335","Costa Rica","2010","45"
"336","Costa Rica","2014","45"
"337","C?te d'Ivoire","1990","16"
"338","C?te d'Ivoire","1994","15"
"339","C?te d'Ivoire","1998","17"
"340","C?te d'Ivoire","2002","17"
"341","C?te d'Ivoire","2006","23"
"342","C?te d'Ivoire","2010","21"
"343","C?te d'Ivoire","2014","26"
"344","Croatia","1990","..."
"345","Croatia","1994","68"
"346","Croatia","1998","80"
"347","Croatia","2002","84"
"348","Croatia","2006","91"
"349","Croatia","2010","90"
"350","Croatia","2014","79"
"351","Cuba","1990","61"
"352","Cuba","1994","38"
"353","Cuba","1998","39"
"354","Cuba","2002","40"
"355","Cuba","2006","36"
"356","Cuba","2010","45"
"357","Cuba","2014","38"
"358","Cura?ao","1990","..."
"359","Cura?ao","1994","..."
"360","Cura?ao","1998","..."
"361","Cura?ao","2002","..."
"362","Cura?ao","2006","..."
"363","Cura?ao","2010","..."
"364","Cura?ao","2014","536"
"365","Cyprus","1990","75"
"366","Cyprus","1994","97"
"367","Cyprus","1998","91"
"368","Cyprus","2002","92"
"369","Cyprus","2006","93"
"370","Cyprus","2010","93"
"371","Cyprus","2014","72"
"372","Czechia","1990","..."
"373","Czechia","1994","168"
"374","Czechia","1998","171"
"375","Czechia","2002","176"
"376","Czechia","2006","189"
"377","Czechia","2010","180"
"378","Czechia","2014","166"
"379","Democratic Republic of the Congo","1990","13"
"380","Democratic Republic of the Congo","1994","13"
"381","Democratic Republic of the Congo","1998","13"
"382","Democratic Republic of the Congo","2002","12"
"383","Democratic Republic of the Congo","2006","12"
"384","Democratic Republic of the Congo","2010","13"
"385","Democratic Republic of the Congo","2014","16"
"386","Denmark","1990","141"
"387","Denmark","1994","157"
"388","Denmark","1998","158"
"389","Denmark","2002","148"
"390","Denmark","2006","156"
"391","Denmark","2010","147"
"392","Denmark","2014","119"
"393","Djibouti","1990","12"
"394","Djibouti","1994","11"
"395","Djibouti","1998","11"
"396","Djibouti","2002","11"
"397","Djibouti","2006","11"
"398","Djibouti","2010","13"
"399","Djibouti","2014","10"
"400","Dominica","1990","14"
"401","Dominica","1994","15"
"402","Dominica","1998","18"
"403","Dominica","2002","24"
"404","Dominica","2006","31"
"405","Dominica","2010","36"
"406","Dominica","2014","36"
"407","Dominican Republic","1990","20"
"408","Dominican Republic","1994","24"
"409","Dominican Republic","1998","32"
"410","Dominican Republic","2002","34"
"411","Dominican Republic","2006","29"
"412","Dominican Republic","2010","30"
"413","Dominican Republic","2014","29"
"414","Ecuador","1990","25"
"415","Ecuador","1994","20"
"416","Ecuador","1998","29"
"417","Ecuador","2002","30"
"418","Ecuador","2006","33"
"419","Ecuador","2010","35"
"420","Ecuador","2014","40"
"421","Egypt","1990","22"
"422","Egypt","1994","23"
"423","Egypt","1998","30"
"424","Egypt","2002","30"
"425","Egypt","2006","38"
"426","Egypt","2010","39"
"427","Egypt","2014","38"
"428","El Salvador","1990","17"
"429","El Salvador","1994","21"
"430","El Salvador","1998","26"
"431","El Salvador","2002","24"
"432","El Salvador","2006","28"
"433","El Salvador","2010","29"
"434","El Salvador","2014","27"
"435","Equatorial Guinea","1990","13"
"436","Equatorial Guinea","1994","12"
"437","Equatorial Guinea","1998","15"
"438","Equatorial Guinea","2002","60"
"439","Equatorial Guinea","2006","125"
"440","Equatorial Guinea","2010","86"
"441","Equatorial Guinea","2014","67"
"442","Eritrea","1990","..."
"443","Eritrea","1994","12"
"444","Eritrea","1998","8"
"445","Eritrea","2002","8"
"446","Eritrea","2006","6"
"447","Eritrea","2010","10"
"448","Eritrea","2014","10"
"449","Estonia","1990","..."
"450","Estonia","1994","158"
"451","Estonia","1998","154"
"452","Estonia","2002","147"
"453","Estonia","2006","160"
"454","Estonia","2010","179"
"455","Estonia","2014","186"
"456","Eswatini","1990","37"
"457","Eswatini","1994","35"
"458","Eswatini","1998","38"
"459","Eswatini","2002","37"
"460","Eswatini","2006","41"
"461","Eswatini","2010","41"
"462","Eswatini","2014","44"
"463","Ethiopia","1990","..."
"464","Ethiopia","1994","16"
"465","Ethiopia","1998","16"
"466","Ethiopia","2002","16"
"467","Ethiopia","2006","16"
"468","Ethiopia","2010","15"
"469","Ethiopia","2014","15"
"470","Faeroe Islands","1990","217"
"471","Faeroe Islands","1994","190"
"472","Faeroe Islands","1998","203"
"473","Faeroe Islands","2002","225"
"474","Faeroe Islands","2006","203"
"475","Faeroe Islands","2010","184"
"476","Faeroe Islands","2014","180"
"477","Falkland Is. (Malvinas)","1990","271"
"478","Falkland Is. (Malvinas)","1994","231"
"479","Falkland Is. (Malvinas)","1998","187"
"480","Falkland Is. (Malvinas)","2002","204"
"481","Falkland Is. (Malvinas)","2006","263"
"482","Falkland Is. (Malvinas)","2010","260"
"483","Falkland Is. (Malvinas)","2014","192"
"484","Fiji","1990","31"
"485","Fiji","1994","32"
"486","Fiji","1998","23"
"487","Fiji","2002","27"
"488","Fiji","2006","31"
"489","Fiji","2010","25"
"490","Fiji","2014","33"
"491","Finland","1990","238"
"492","Finland","1994","250"
"493","Finland","1998","264"
"494","Finland","2002","281"
"495","Finland","2006","297"
"496","Finland","2010","285"
"497","Finland","2014","260"
"498","France","1990","165"
"499","France","1994","165"
"500","France","1998","179"
"501","France","2002","183"
"502","France","2006","182"
"503","France","2010","174"
"504","France","2014","155"
"505","French Polynesia","1990","34"
"506","French Polynesia","1994","33"
"507","French Polynesia","1998","32"
"508","French Polynesia","2002","42"
"509","French Polynesia","2006","46"
"510","French Polynesia","2010","46"
"511","French Polynesia","2014","40"
"512","Gabon","1990","54"
"513","Gabon","1994","49"
"514","Gabon","1998","54"
"515","Gabon","2002","52"
"516","Gabon","2006","54"
"517","Gabon","2010","57"
"518","Gabon","2014","60"
"519","Gambia","1990","7"
"520","Gambia","1994","7"
"521","Gambia","1998","7"
"522","Gambia","2002","7"
"523","Gambia","2006","7"
"524","Gambia","2010","7"
"525","Gambia","2014","7"
"526","Georgia","1990","..."
"527","Georgia","1994","27"
"528","Georgia","1998","26"
"529","Georgia","2002","23"
"530","Georgia","2006","31"
"531","Georgia","2010","33"
"532","Georgia","2014","47"
"533","Germany","1990","..."
"534","Germany","1994","171"
"535","Germany","1998","174"
"536","Germany","2002","172"
"537","Germany","2006","175"
"538","Germany","2010","169"
"539","Germany","2014","157"
"540","Ghana","1990","13"
"541","Ghana","1994","17"
"542","Ghana","1998","16"
"543","Ghana","2002","15"
"544","Ghana","2006","12"
"545","Ghana","2010","11"
"546","Ghana","2014","12"
"547","Gibraltar","1990","90"
"548","Gibraltar","1994","166"
"549","Gibraltar","1998","182"
"550","Gibraltar","2002","200"
"551","Gibraltar","2006","227"
"552","Gibraltar","2010","220"
"553","Gibraltar","2014","242"
"554","Greece","1990","88"
"555","Greece","1994","89"
"556","Greece","1998","98"
"557","Greece","2002","107"
"558","Greece","2006","113"
"559","Greece","2010","101"
"560","Greece","2014","85"
"561","Greenland","1990","90"
"562","Greenland","1994","88"
"563","Greenland","1998","104"
"564","Greenland","2002","108"
"565","Greenland","2006","168"
"566","Greenland","2010","186"
"567","Greenland","2014","152"
"568","Grenada","1990","17"
"569","Grenada","1994","21"
"570","Grenada","1998","27"
"571","Grenada","2002","31"
"572","Grenada","2006","34"
"573","Grenada","2010","38"
"574","Grenada","2014","35"
"575","Guatemala","1990","22"
"576","Guatemala","1994","25"
"577","Guatemala","1998","27"
"578","Guatemala","2002","27"
"579","Guatemala","2006","26"
"580","Guatemala","2010","27"
"581","Guatemala","2014","28"
"582","Guernsey","1990","..."
"583","Guernsey","1994","..."
"584","Guernsey","1998","..."
"585","Guernsey","2002","15"
"586","Guernsey","2006","16"
"587","Guernsey","2010","14"
"588","Guernsey","2014","9"
"589","Guinea","1990","18"
"590","Guinea","1994","12"
"591","Guinea","1998","12"
"592","Guinea","2002","15"
"593","Guinea","2006","15"
"594","Guinea","2010","14"
"595","Guinea","2014","12"
"596","Guinea-Bissau","1990","20"
"597","Guinea-Bissau","1994","19"
"598","Guinea-Bissau","1998","19"
"599","Guinea-Bissau","2002","19"
"600","Guinea-Bissau","2006","19"
"601","Guinea-Bissau","2010","18"
"602","Guinea-Bissau","2014","17"
"603","Guyana","1990","39"
"604","Guyana","1994","41"
"605","Guyana","1998","48"
"606","Guyana","2002","47"
"607","Guyana","2006","41"
"608","Guyana","2010","46"
"609","Guyana","2014","45"
"610","Haiti","1990","14"
"611","Haiti","1994","12"
"612","Haiti","1998","14"
"613","Haiti","2002","15"
"614","Haiti","2006","15"
"615","Haiti","2010","16"
"616","Haiti","2014","16"
"617","Honduras","1990","20"
"618","Honduras","1994","21"
"619","Honduras","1998","24"
"620","Honduras","2002","22"
"621","Honduras","2006","24"
"622","Honduras","2010","24"
"623","Honduras","2014","26"
"624","Hungary","1990","116"
"625","Hungary","1994","101"
"626","Hungary","1998","105"
"627","Hungary","2002","105"
"628","Hungary","2006","114"
"629","Hungary","2010","112"
"630","Hungary","2014","101"
"631","Iceland","1990","341"
"632","Iceland","1994","335"
"633","Iceland","1998","393"
"634","Iceland","2002","514"
"635","Iceland","2006","651"
"636","Iceland","2010","869"
"637","Iceland","2014","946"
"638","India","1990","15"
"639","India","1994","16"
"640","India","1998","18"
"641","India","2002","19"
"642","India","2006","20"
"643","India","2010","24"
"644","India","2014","27"
"645","Indonesia","1990","20"
"646","Indonesia","1994","23"
"647","Indonesia","1998","21"
"648","Indonesia","2002","30"
"649","Indonesia","2006","31"
"650","Indonesia","2010","34"
"651","Indonesia","2014","34"
"652","Iran","1990","51"
"653","Iran","1994","64"
"654","Iran","1998","71"
"655","Iran","2002","88"
"656","Iran","2006","111"
"657","Iran","2010","115"
"658","Iran","2014","127"
"659","Iraq","1990","34"
"660","Iraq","1994","53"
"661","Iraq","1998","46"
"662","Iraq","2002","47"
"663","Iraq","2006","45"
"664","Iraq","2010","47"
"665","Iraq","2014","59"
"666","Ireland","1990","118"
"667","Ireland","1994","124"
"668","Ireland","1998","144"
"669","Ireland","2002","154"
"670","Ireland","2006","147"
"671","Ireland","2010","132"
"672","Ireland","2014","114"
"673","Isle of Man","1990","..."
"674","Isle of Man","1994","..."
"675","Isle of Man","1998","..."
"676","Isle of Man","2002","30"
"677","Isle of Man","2006","46"
"678","Isle of Man","2010","50"
"679","Isle of Man","2014","53"
"680","Israel","1990","107"
"681","Israel","1994","120"
"682","Israel","1998","126"
"683","Israel","2002","126"
"684","Israel","2006","126"
"685","Israel","2010","131"
"686","Israel","2014","114"
"687","Italy","1990","112"
"688","Italy","1994","112"
"689","Italy","1998","123"
"690","Italy","2002","127"
"691","Italy","2006","132"
"692","Italy","2010","123"
"693","Italy","2014","103"
"694","Jamaica","1990","48"
"695","Jamaica","1994","48"
"696","Jamaica","1998","55"
"697","Jamaica","2002","58"
"698","Jamaica","2006","63"
"699","Jamaica","2010","39"
"700","Jamaica","2014","38"
"701","Japan","1990","150"
"702","Japan","1994","163"
"703","Japan","1998","168"
"704","Japan","2002","170"
"705","Japan","2006","173"
"706","Japan","2010","163"
"707","Japan","2014","144"
"708","Jersey","1990","..."
"709","Jersey","1994","9"
"710","Jersey","1998","14"
"711","Jersey","2002","25"
"712","Jersey","2006","30"
"713","Jersey","2010","28"
"714","Jersey","2014","27"
"715","Jordan","1990","40"
"716","Jordan","1994","40"
"717","Jordan","1998","41"
"718","Jordan","2002","44"
"719","Jordan","2006","54"
"720","Jordan","2010","42"
"721","Jordan","2014","40"
"722","Kazakhstan","1990","..."
"723","Kazakhstan","1994","158"
"724","Kazakhstan","1998","108"
"725","Kazakhstan","2002","118"
"726","Kazakhstan","2006","166"
"727","Kazakhstan","2010","205"
"728","Kazakhstan","2014","171"
"729","Kenya","1990","19"
"730","Kenya","1994","19"
"731","Kenya","1998","20"
"732","Kenya","2002","19"
"733","Kenya","2006","19"
"734","Kenya","2010","19"
"735","Kenya","2014","20"
"736","Kiribati","1990","11"
"737","Kiribati","1994","11"
"738","Kiribati","1998","11"
"739","Kiribati","2002","12"
"740","Kiribati","2006","15"
"741","Kiribati","2010","13"
"742","Kiribati","2014","12"
"743","Democratic People's Republic of Korea","1990","69"
"744","Democratic People's Republic of Korea","1994","45"
"745","Democratic People's Republic of Korea","1998","32"
"746","Democratic People's Republic of Korea","2002","35"
"747","Democratic People's Republic of Korea","2006","38"
"748","Democratic People's Republic of Korea","2010","25"
"749","Democratic People's Republic of Korea","2014","16"
"750","""Korea, South""","1990","90"
"751","""Korea, South""","1994","126"
"752","""Korea, South""","1998","145"
"753","""Korea, South""","2002","179"
"754","""Korea, South""","2006","190"
"755","""Korea, South""","2010","212"
"756","""Korea, South""","2014","223"
"757","Kosovo","1990","..."
"758","Kosovo","1994","..."
"759","Kosovo","1998","..."
"760","Kosovo","2002","47"
"761","Kosovo","2006","48"
"762","Kosovo","2010","59"
"763","Kosovo","2014","51"
"764","Kuwait","1990","271"
"765","Kuwait","1994","488"
"766","Kuwait","1998","447"
"767","Kuwait","2002","427"
"768","Kuwait","2006","475"
"769","Kuwait","2010","450"
"770","Kuwait","2014","356"
"771","Kyrgyzstan","1990","..."
"772","Kyrgyzstan","1994","25"
"773","Kyrgyzstan","1998","24"
"774","Kyrgyzstan","2002","21"
"775","Kyrgyzstan","2006","23"
"776","Kyrgyzstan","2010","21"
"777","Kyrgyzstan","2014","30"
"778","Laos","1990","14"
"779","Laos","1994","13"
"780","Laos","1998","13"
"781","Laos","2002","11"
"782","Laos","2006","13"
"783","Laos","2010","16"
"784","Laos","2014","18"
"785","Latvia","1990","..."
"786","Latvia","1994","79"
"787","Latvia","1998","75"
"788","Latvia","2002","73"
"789","Latvia","2006","86"
"790","Latvia","2010","89"
"791","Latvia","2014","90"
"792","Lebanon","1990","38"
"793","Lebanon","1994","48"
"794","Lebanon","1998","61"
"795","Lebanon","2002","56"
"796","Lebanon","2006","47"
"797","Lebanon","2010","53"
"798","Lebanon","2014","49"
"799","Lesotho","1990","22"
"800","Lesotho","1994","23"
"801","Lesotho","1998","23"
"802","Lesotho","2002","24"
"803","Lesotho","2006","23"
"804","Lesotho","2010","25"
"805","Lesotho","2014","23"
"806","Liberia","1990","18"
"807","Liberia","1994","15"
"808","Liberia","1998","16"
"809","Liberia","2002","18"
"810","Liberia","2006","19"
"811","Liberia","2010","19"
"812","Liberia","2014","20"
"813","Libya","1990","108"
"814","Libya","1994","132"
"815","Libya","1998","132"
"816","Libya","2002","129"
"817","Libya","2006","123"
"818","Libya","2010","139"
"819","Libya","2014","119"
"820","Liechtenstein","1990","45"
"821","Liechtenstein","1994","52"
"822","Liechtenstein","1998","62"
"823","Liechtenstein","2002","68"
"824","Liechtenstein","2006","79"
"825","Liechtenstein","2010","92"
"826","Liechtenstein","2014","86"
"827","Lithuania","1990","..."
"828","Lithuania","1994","93"
"829","Lithuania","1998","109"
"830","Lithuania","2002","105"
"831","Lithuania","2006","105"
"832","Lithuania","2010","94"
"833","Lithuania","2014","98"
"834","Luxembourg","1990","376"
"835","Luxembourg","1994","376"
"836","Luxembourg","1998","299"
"837","Luxembourg","2002","349"
"838","Luxembourg","2006","393"
"839","Luxembourg","2010","352"
"840","Luxembourg","2014","291"
"841","Madagascar","1990","9"
"842","Madagascar","1994","9"
"843","Madagascar","1998","10"
"844","Madagascar","2002","9"
"845","Madagascar","2006","9"
"846","Madagascar","2010","9"
"847","Madagascar","2014","10"
"848","Malawi","1990","7"
"849","Malawi","1994","7"
"850","Malawi","1998","6"
"851","Malawi","2002","6"
"852","Malawi","2006","5"
"853","Malawi","2010","5"
"854","Malawi","2014","5"
"855","Malaysia","1990","42"
"856","Malaysia","1994","64"
"857","Malaysia","1998","75"
"858","Malaysia","2002","88"
"859","Malaysia","2006","103"
"860","Malaysia","2010","105"
"861","Malaysia","2014","117"
"862","Maldives","1990","11"
"863","Maldives","1994","12"
"864","Maldives","1998","16"
"865","Maldives","2002","30"
"866","Maldives","2006","37"
"867","Maldives","2010","37"
"868","Maldives","2014","43"
"869","Mali","1990","5"
"870","Mali","1994","5"
"871","Mali","1998","5"
"872","Mali","2002","5"
"873","Mali","2006","5"
"874","Mali","2010","5"
"875","Mali","2014","5"
"876","Malta","1990","79"
"877","Malta","1994","84"
"878","Malta","1998","74"
"879","Malta","2002","77"
"880","Malta","2006","86"
"881","Malta","2010","85"
"882","Malta","2014","77"
"883","Marshall Islands","1990","..."
"884","Marshall Islands","1994","27"
"885","Marshall Islands","1998","28"
"886","Marshall Islands","2002","34"
"887","Marshall Islands","2006","37"
"888","Marshall Islands","2010","41"
"889","Marshall Islands","2014","41"
"890","Martinique","1990","..."
"891","Martinique","1994","..."
"892","Martinique","1998","..."
"893","Martinique","2002","..."
"894","Martinique","2006","..."
"895","Martinique","2010","..."
"896","Martinique","2014","..."
"897","Mauritania","1990","11"
"898","Mauritania","1994","11"
"899","Mauritania","1998","11"
"900","Mauritania","2002","11"
"901","Mauritania","2006","11"
"902","Mauritania","2010","12"
"903","Mauritania","2014","13"
"904","Mauritius","1990","31"
"905","Mauritius","1994","33"
"906","Mauritius","1998","38"
"907","Mauritius","2002","42"
"908","Mauritius","2006","47"
"909","Mauritius","2010","50"
"910","Mauritius","2014","52"
"911","Mayotte","1990","..."
"912","Mayotte","1994","..."
"913","Mayotte","1998","..."
"914","Mayotte","2002","..."
"915","Mayotte","2006","..."
"916","Mayotte","2010","..."
"917","Mayotte","2014","..."
"918","Mexico","1990","61"
"919","Mexico","1994","63"
"920","Mexico","1998","63"
"921","Mexico","2002","64"
"922","Mexico","2006","71"
"923","Mexico","2010","64"
"924","Mexico","2014","64"
"925","Micronesia (Fed. States of)","1990","..."
"926","Micronesia (Fed. States of)","1994","15"
"927","Micronesia (Fed. States of)","1998","17"
"928","Micronesia (Fed. States of)","2002","19"
"929","Micronesia (Fed. States of)","2006","17"
"930","Micronesia (Fed. States of)","2010","15"
"931","Micronesia (Fed. States of)","2014","20"
"932","Mongolia","1990","53"
"933","Mongolia","1994","39"
"934","Mongolia","1998","37"
"935","Mongolia","2002","39"
"936","Mongolia","2006","44"
"937","Mongolia","2010","61"
"938","Mongolia","2014","117"
"939","Montenegro","1990","..."
"940","Montenegro","1994","..."
"941","Montenegro","1998","..."
"942","Montenegro","2002","..."
"943","Montenegro","2006","75"
"944","Montenegro","2010","77"
"945","Montenegro","2014","64"
"946","Montserrat","1990","41"
"947","Montserrat","1994","45"
"948","Montserrat","1998","64"
"949","Montserrat","2002","112"
"950","Montserrat","2006","91"
"951","Montserrat","2010","175"
"952","Montserrat","2014","133"
"953","Morocco","1990","14"
"954","Morocco","1994","16"
"955","Morocco","1998","16"
"956","Morocco","2002","17"
"957","Morocco","2006","21"
"958","Morocco","2010","23"
"959","Morocco","2014","22"
"960","Mozambique","1990","18"
"961","Mozambique","1994","17"
"962","Mozambique","1998","16"
"963","Mozambique","2002","17"
"964","Mozambique","2006","18"
"965","Mozambique","2010","13"
"966","Mozambique","2014","17"
"967","Myanmar","1990","11"
"968","Myanmar","1994","12"
"969","Myanmar","1998","12"
"970","Myanmar","2002","12"
"971","Myanmar","2006","14"
"972","Myanmar","2010","13"
"973","Myanmar","2014","14"
"974","Namibia","1990","..."
"975","Namibia","1994","22"
"976","Namibia","1998","24"
"977","Namibia","2002","22"
"978","Namibia","2006","25"
"979","Namibia","2010","30"
"980","Namibia","2014","32"
"981","Nauru","1990","188"
"982","Nauru","1994","154"
"983","Nauru","1998","135"
"984","Nauru","2002","105"
"985","Nauru","2006","59"
"986","Nauru","2010","58"
"987","Nauru","2014","63"
"988","Nepal","1990","8"
"989","Nepal","1994","12"
"990","Nepal","1998","14"
"991","Nepal","2002","14"
"992","Nepal","2006","14"
"993","Nepal","2010","16"
"994","Nepal","2014","19"
"995","Netherlands","1990","186"
"996","Netherlands","1994","191"
"997","Netherlands","1998","199"
"998","Netherlands","2002","201"
"999","Netherlands","2006","201"
"1000","Netherlands","2010","206"
"1001","Netherlands","2014","175"
"1002","New Caledonia","1990","126"
"1003","New Caledonia","1994","137"
"1004","New Caledonia","1998","124"
"1005","New Caledonia","2002","144"
"1006","New Caledonia","2006","151"
"1007","New Caledonia","2010","184"
"1008","New Caledonia","2014","240"
"1009","New Zealand","1990","165"
"1010","New Zealand","1994","176"
"1011","New Zealand","1998","184"
"1012","New Zealand","2002","190"
"1013","New Zealand","2006","180"
"1014","New Zealand","2010","192"
"1015","New Zealand","2014","204"
"1016","Nicaragua","1990","21"
"1017","Nicaragua","1994","21"
"1018","Nicaragua","1998","20"
"1019","Nicaragua","2002","21"
"1020","Nicaragua","2006","22"
"1021","Nicaragua","2010","22"
"1022","Nicaragua","2014","25"
"1023","Niger","1990","8"
"1024","Niger","1994","8"
"1025","Niger","1998","8"
"1026","Niger","2002","7"
"1027","Niger","2006","5"
"1028","Niger","2010","4"
"1029","Niger","2014","5"
"1030","Nigeria","1990","29"
"1031","Nigeria","1994","28"
"1032","Nigeria","1998","28"
"1033","Nigeria","2002","30"
"1034","Nigeria","2006","31"
"1035","Nigeria","2010","34"
"1036","Nigeria","2014","35"
"1037","Niue","1990","34"
"1038","Niue","1994","38"
"1039","Niue","1998","39"
"1040","Niue","2002","44"
"1041","Niue","2006","55"
"1042","Niue","2010","52"
"1043","Niue","2014","62"
"1044","North Macedonia","1990","..."
"1045","North Macedonia","1994","74"
"1046","North Macedonia","1998","87"
"1047","North Macedonia","2002","77"
"1048","North Macedonia","2006","78"
"1049","North Macedonia","2010","58"
"1050","North Macedonia","2014","58"
"1051","Norway","1990","206"
"1052","Norway","1994","220"
"1053","Norway","1998","235"
"1054","Norway","2002","228"
"1055","Norway","2006","242"
"1056","Norway","2010","257"
"1057","Norway","2014","233"
"1058","Oman","1990","82"
"1059","Oman","1994","106"
"1060","Oman","1998","106"
"1061","Oman","2002","162"
"1062","Oman","2006","231"
"1063","Oman","2010","256"
"1064","Oman","2014","256"
"1065","Pakistan","1990","12"
"1066","Pakistan","1994","14"
"1067","Pakistan","1998","14"
"1068","Pakistan","2002","15"
"1069","Pakistan","2006","17"
"1070","Pakistan","2010","17"
"1071","Pakistan","2014","18"
"1072","Palau","1990","..."
"1073","Palau","1994","163"
"1074","Palau","1998","151"
"1075","Palau","2002","152"
"1076","Palau","2006","157"
"1077","Palau","2010","161"
"1078","Palau","2014","174"
"1079","Panama","1990","25"
"1080","Panama","1994","30"
"1081","Panama","1998","37"
"1082","Panama","2002","34"
"1083","Panama","2006","40"
"1084","Panama","2010","39"
"1085","Panama","2014","43"
"1086","Papua New Guinea","1990","21"
"1087","Papua New Guinea","1994","20"
"1088","Papua New Guinea","1998","20"
"1089","Papua New Guinea","2002","19"
"1090","Papua New Guinea","2006","21"
"1091","Papua New Guinea","2010","20"
"1092","Papua New Guinea","2014","21"
"1093","Paraguay","1990","20"
"1094","Paraguay","1994","23"
"1095","Paraguay","1998","34"
"1096","Paraguay","2002","28"
"1097","Paraguay","2006","28"
"1098","Paraguay","2010","37"
"1099","Paraguay","2014","37"
"1100","Peru","1990","19"
"1101","Peru","1994","19"
"1102","Peru","1998","20"
"1103","Peru","2002","18"
"1104","Peru","2006","20"
"1105","Peru","2010","27"
"1106","Peru","2014","29"
"1107","Philippines","1990","17"
"1108","Philippines","1994","18"
"1109","Philippines","1998","19"
"1110","Philippines","2002","18"
"1111","Philippines","2006","16"
"1112","Philippines","2010","17"
"1113","Philippines","2014","19"
"1114","Poland","1990","115"
"1115","Poland","1994","107"
"1116","Poland","1998","106"
"1117","Poland","2002","99"
"1118","Poland","2006","108"
"1119","Poland","2010","111"
"1120","Poland","2014","104"
"1121","Portugal","1990","71"
"1122","Portugal","1994","76"
"1123","Portugal","1998","93"
"1124","Portugal","2002","104"
"1125","Portugal","2006","100"
"1126","Portugal","2010","92"
"1127","Portugal","2014","85"
"1128","Puerto Rico","1990","0"
"1129","Puerto Rico","1994","0"
"1130","Puerto Rico","1998","0"
"1131","Puerto Rico","2002","6"
"1132","Puerto Rico","2006","7"
"1133","Puerto Rico","2010","8"
"1134","Puerto Rico","2014","16"
"1135","Qatar","1990","420"
"1136","Qatar","1994","1088"
"1137","Qatar","1998","973"
"1138","Qatar","2002","1062"
"1139","Qatar","2006","933"
"1140","Qatar","2010","655"
"1141","Qatar","2014","767"
"1142","Republic of Moldova","1990","..."
"1143","Republic of Moldova","1994","42"
"1144","Republic of Moldova","1998","26"
"1145","Republic of Moldova","2002","19"
"1146","Republic of Moldova","2006","24"
"1147","Republic of Moldova","2010","20"
"1148","Republic of Moldova","2014","25"
"1149","Romania","1990","113"
"1150","Romania","1994","78"
"1151","Romania","1998","75"
"1152","Romania","2002","72"
"1153","Romania","2006","78"
"1154","Romania","2010","72"
"1155","Romania","2014","66"
"1156"," Russian Federation","1990","..."
"1157"," Russian Federation","1994","185"
"1158"," Russian Federation","1998","167"
"1159"," Russian Federation","2002","180"
"1160"," Russian Federation","2006","196"
"1161"," Russian Federation","2010","202"
"1162"," Russian Federation","2014","212"
"1163","Rwanda","1990","5"
"1164","Rwanda","1994","5"
"1165","Rwanda","1998","11"
"1166","Rwanda","2002","6"
"1167","Rwanda","2006","8"
"1168","Rwanda","2010","8"
"1169","Rwanda","2014","8"
"1170","Samoa","1990","16"
"1171","Samoa","1994","16"
"1172","Samoa","1998","17"
"1173","Samoa","2002","19"
"1174","Samoa","2006","20"
"1175","Samoa","2010","21"
"1176","Samoa","2014","21"
"1177","Sao Tome and Principe","1990","12"
"1178","Sao Tome and Principe","1994","12"
"1179","Sao Tome and Principe","1998","12"
"1180","Sao Tome and Principe","2002","12"
"1181","Sao Tome and Principe","2006","14"
"1182","Sao Tome and Principe","2010","14"
"1183","Sao Tome and Principe","2014","13"
"1184","Saudi Arabia","1990","178"
"1185","Saudi Arabia","1994","264"
"1186","Saudi Arabia","1998","169"
"1187","Saudi Arabia","2002","236"
"1188","Saudi Arabia","2006","265"
"1189","Saudi Arabia","2010","281"
"1190","Saudi Arabia","2014","288"
"1191","Senegal","1990","11"
"1192","Senegal","1994","11"
"1193","Senegal","1998","10"
"1194","Senegal","2002","10"
"1195","Senegal","2006","9"
"1196","Senegal","2010","13"
"1197","Senegal","2014","12"
"1198","Serbia","1990","..."
"1199","Serbia","1994","..."
"1200","Serbia","1998","..."
"1201","Serbia","2002","..."
"1202","Serbia","2006","88"
"1203","Serbia","2010","89"
"1204","Serbia","2014","78"
"1205","Seychelles","1990","31"
"1206","Seychelles","1994","40"
"1207","Seychelles","1998","80"
"1208","Seychelles","2002","94"
"1209","Seychelles","2006","122"
"1210","Seychelles","2010","67"
"1211","Seychelles","2014","73"
"1212","Sierra Leone","1990","13"
"1213","Sierra Leone","1994","12"
"1214","Sierra Leone","1998","13"
"1215","Sierra Leone","2002","13"
"1216","Sierra Leone","2006","11"
"1217","Sierra Leone","2010","9"
"1218","Sierra Leone","2014","10"
"1219","Singapore","1990","218"
"1220","Singapore","1994","264"
"1221","Singapore","1998","208"
"1222","Singapore","2002","209"
"1223","Singapore","2006","226"
"1224","Singapore","2010","213"
"1225","Singapore","2014","207"
"1226","Sint Maarten (Dutch part)","1990","..."
"1227","Sint Maarten (Dutch part)","1994","..."
"1228","Sint Maarten (Dutch part)","1998","..."
"1229","Sint Maarten (Dutch part)","2002","..."
"1230","Sint Maarten (Dutch part)","2006","..."
"1231","Sint Maarten (Dutch part)","2010","..."
"1232","Sint Maarten (Dutch part)","2014","303"
"1233","Slovakia","1990","..."
"1234","Slovakia","1994","136"
"1235","Slovakia","1998","136"
"1236","Slovakia","2002","143"
"1237","Slovakia","2006","142"
"1238","Slovakia","2010","136"
"1239","Slovakia","2014","121"
"1240","Slovenia","1990","..."
"1241","Slovenia","1994","120"
"1242","Slovenia","1998","137"
"1243","Slovenia","2002","144"
"1244","Slovenia","2006","153"
"1245","Slovenia","2010","150"
"1246","Slovenia","2014","135"
"1247","Solomon Islands","1990","17"
"1248","Solomon Islands","1994","17"
"1249","Solomon Islands","1998","16"
"1250","Solomon Islands","2002","16"
"1251","Solomon Islands","2006","15"
"1252","Solomon Islands","2010","15"
"1253","Solomon Islands","2014","14"
"1254","Somalia","1990","10"
"1255","Somalia","1994","12"
"1256","Somalia","1998","12"
"1257","Somalia","2002","12"
"1258","Somalia","2006","13"
"1259","Somalia","2010","10"
"1260","Somalia","2014","10"
"1261","South Africa","1990","114"
"1262","South Africa","1994","110"
"1263","South Africa","1998","116"
"1264","South Africa","2002","100"
"1265","South Africa","2006","115"
"1266","South Africa","2010","114"
"1267","South Africa","2014","112"
"1268","S. Sudan","1990","..."
"1269","S. Sudan","1994","..."
"1270","S. Sudan","1998","..."
"1271","S. Sudan","2002","..."
"1272","S. Sudan","2006","..."
"1273","S. Sudan","2010","..."
"1274","S. Sudan","2014","3"
"1275","Spain","1990","97"
"1276","Spain","1994","102"
"1277","Spain","1998","117"
"1278","Spain","2002","130"
"1279","Spain","2006","135"
"1280","Spain","2010","114"
"1281","Spain","2014","102"
"1282","Sri Lanka","1990","11"
"1283","Sri Lanka","1994","12"
"1284","Sri Lanka","1998","14"
"1285","Sri Lanka","2002","16"
"1286","Sri Lanka","2006","16"
"1287","Sri Lanka","2010","18"
"1288","Sri Lanka","2014","20"
"1289","St. Helena and Depend.","1990","17"
"1290","St. Helena and Depend.","1994","33"
"1291","St. Helena and Depend.","1998","34"
"1292","St. Helena and Depend.","2002","39"
"1293","St. Helena and Depend.","2006","31"
"1294","St. Helena and Depend.","2010","30"
"1295","St. Helena and Depend.","2014","27"
"1296","St. Kitts-Nevis","1990","53"
"1297","St. Kitts-Nevis","1994","59"
"1298","St. Kitts-Nevis","1998","60"
"1299","St. Kitts-Nevis","2002","69"
"1300","St. Kitts-Nevis","2006","58"
"1301","St. Kitts-Nevis","2010","62"
"1302","St. Kitts-Nevis","2014","61"
"1303","St. Lucia","1990","18"
"1304","St. Lucia","1994","26"
"1305","St. Lucia","1998","28"
"1306","St. Lucia","2002","26"
"1307","St. Lucia","2006","33"
"1308","St. Lucia","2010","31"
"1309","St. Lucia","2014","29"
"1310","St. Pierre-Miquelon","1990","206"
"1311","St. Pierre-Miquelon","1994","164"
"1312","St. Pierre-Miquelon","1998","124"
"1313","St. Pierre-Miquelon","2002","132"
"1314","St. Pierre-Miquelon","2006","150"
"1315","St. Pierre-Miquelon","2010","160"
"1316","St. Pierre-Miquelon","2014","172"
"1317","St. Vincent-Grenadines","1990","12"
"1318","St. Vincent-Grenadines","1994","18"
"1319","St. Vincent-Grenadines","1998","23"
"1320","St. Vincent-Grenadines","2002","27"
"1321","St. Vincent-Grenadines","2006","30"
"1322","St. Vincent-Grenadines","2010","31"
"1323","St. Vincent-Grenadines","2014","37"
"1324","State of Palestine","1990","..."
"1325","State of Palestine","1994","9"
"1326","State of Palestine","1998","11"
"1327","State of Palestine","2002","10"
"1328","State of Palestine","2006","14"
"1329","State of Palestine","2010","13"
"1330","State of Palestine","2014","15"
"1331","Sudan","1990","..."
"1332","Sudan","1994","..."
"1333","Sudan","1998","..."
"1334","Sudan","2002","..."
"1335","Sudan","2006","..."
"1336","Sudan","2010","..."
"1337","Sudan","2014","12"
"1338","Suriname","1990","72"
"1339","Suriname","1994","78"
"1340","Suriname","1998","77"
"1341","Suriname","2002","56"
"1342","Suriname","2006","58"
"1343","Suriname","2010","76"
"1344","Suriname","2014","81"
"1345","Sweden","1990","230"
"1346","Sweden","1994","234"
"1347","Sweden","1998","239"
"1348","Sweden","2002","241"
"1349","Sweden","2006","228"
"1350","Sweden","2010","225"
"1351","Sweden","2014","206"
"1352","Switzerland","1990","151"
"1353","Switzerland","1994","145"
"1354","Switzerland","1998","147"
"1355","Switzerland","2002","147"
"1356","Switzerland","2006","149"
"1357","Switzerland","2010","137"
"1358","Switzerland","2014","125"
"1359","Syria","1990","39"
"1360","Syria","1994","41"
"1361","Syria","1998","47"
"1362","Syria","2002","35"
"1363","Syria","2006","42"
"1364","Syria","2010","43"
"1365","Syria","2014","24"
"1366","Tajikistan","1990","..."
"1367","Tajikistan","1994","26"
"1368","Tajikistan","1998","24"
"1369","Tajikistan","2002","22"
"1370","Tajikistan","2006","23"
"1371","Tajikistan","2010","19"
"1372","Tajikistan","2014","19"
"1373","Thailand","1990","31"
"1374","Thailand","1994","40"
"1375","Thailand","1998","45"
"1376","Thailand","2002","53"
"1377","Thailand","2006","61"
"1378","Thailand","2010","74"
"1379","Thailand","2014","83"
"1380","Timor-Leste","1990","..."
"1381","Timor-Leste","1994","..."
"1382","Timor-Leste","1998","..."
"1383","Timor-Leste","2002","4"
"1384","Timor-Leste","2006","4"
"1385","Timor-Leste","2010","4"
"1386","Timor-Leste","2014","7"
"1387","Togo","1990","15"
"1388","Togo","1994","17"
"1389","Togo","1998","18"
"1390","Togo","2002","18"
"1391","Togo","2006","18"
"1392","Togo","2010","20"
"1393","Togo","2014","19"
"1394","Tonga","1990","12"
"1395","Tonga","1994","13"
"1396","Tonga","1998","14"
"1397","Tonga","2002","14"
"1398","Tonga","2006","19"
"1399","Tonga","2010","16"
"1400","Tonga","2014","15"
"1401","Trinidad and Tobago","1990","206"
"1402","Trinidad and Tobago","1994","207"
"1403","Trinidad and Tobago","1998","269"
"1404","Trinidad and Tobago","2002","387"
"1405","Trinidad and Tobago","2006","572"
"1406","Trinidad and Tobago","2010","627"
"1407","Trinidad and Tobago","2014","609"
"1408","Tunisia","1990","23"
"1409","Tunisia","1994","26"
"1410","Tunisia","1998","28"
"1411","Tunisia","2002","33"
"1412","Tunisia","2006","36"
"1413","Tunisia","2010","40"
"1414","Tunisia","2014","39"
"1415","Turkey","1990","41"
"1416","Turkey","1994","41"
"1417","Turkey","1998","49"
"1418","Turkey","2002","48"
"1419","Turkey","2006","56"
"1420","Turkey","2010","61"
"1421","Turkey","2014","66"
"1422","Turkmenistan","1990","..."
"1423","Turkmenistan","1994","136"
"1424","Turkmenistan","1998","120"
"1425","Turkmenistan","2002","144"
"1426","Turkmenistan","2006","172"
"1427","Turkmenistan","2010","187"
"1428","Turkmenistan","2014","205"
"1429","Turks and Caicos Islands","1990","34"
"1430","Turks and Caicos Islands","1994","41"
"1431","Turks and Caicos Islands","1998","48"
"1432","Turks and Caicos Islands","2002","60"
"1433","Turks and Caicos Islands","2006","61"
"1434","Turks and Caicos Islands","2010","84"
"1435","Turks and Caicos Islands","2014","83"
"1436","Tuvalu","1990","8"
"1437","Tuvalu","1994","9"
"1438","Tuvalu","1998","10"
"1439","Tuvalu","2002","12"
"1440","Tuvalu","2006","10"
"1441","Tuvalu","2010","12"
"1442","Tuvalu","2014","12"
"1443","Uganda","1990","16"
"1444","Uganda","1994","15"
"1445","Uganda","1998","13"
"1446","Uganda","2002","14"
"1447","Uganda","2006","15"
"1448","Uganda","2010","15"
"1449","Uganda","2014","16"
"1450","Ukraine","1990","..."
"1451","Ukraine","1994","137"
"1452","Ukraine","1998","113"
"1453","Ukraine","2002","116"
"1454","Ukraine","2006","121"
"1455","Ukraine","2010","120"
"1456","Ukraine","2014","99"
"1457","United Arab Emirates","1990","437"
"1458","United Arab Emirates","1994","508"
"1459","United Arab Emirates","1998","459"
"1460","United Arab Emirates","2002","426"
"1461","United Arab Emirates","2006","419"
"1462","United Arab Emirates","2010","319"
"1463","United Arab Emirates","2014","393"
"1464","United Kingdom","1990","151"
"1465","United Kingdom","1994","156"
"1466","United Kingdom","1998","158"
"1467","United Kingdom","2002","154"
"1468","United Kingdom","2006","151"
"1469","United Kingdom","2010","134"
"1470","United Kingdom","2014","116"
"1471","Tanzania","1990","13"
"1472","Tanzania","1994","16"
"1473","Tanzania","1998","16"
"1474","Tanzania","2002","17"
"1475","Tanzania","2006","17"
"1476","Tanzania","2010","16"
"1477","Tanzania","2014","15"
"1478","United States","1990","317"
"1479","United States","1994","325"
"1480","United States","1998","327"
"1481","United States","2002","328"
"1482","United States","2006","322"
"1483","United States","2010","301"
"1484","United States","2014","291"
"1485","Uruguay","1990","31"
"1486","Uruguay","1994","32"
"1487","Uruguay","1998","38"
"1488","Uruguay","2002","32"
"1489","Uruguay","2006","41"
"1490","Uruguay","2010","51"
"1491","Uruguay","2014","58"
"1492","Uzbekistan","1990","..."
"1493","Uzbekistan","1994","83"
"1494","Uzbekistan","1998","86"
"1495","Uzbekistan","2002","88"
"1496","Uzbekistan","2006","80"
"1497","Uzbekistan","2010","63"
"1498","Uzbekistan","2014","58"
"1499","Vanuatu","1990","8"
"1500","Vanuatu","1994","8"
"1501","Vanuatu","1998","11"
"1502","Vanuatu","2002","10"
"1503","Vanuatu","2006","7"
"1504","Vanuatu","2010","11"
"1505","Vanuatu","2014","12"
"1506","Venezuela","1990","99"
"1507","Venezuela","1994","96"
"1508","Venezuela","1998","128"
"1509","Venezuela","2002","125"
"1510","Venezuela","2006","103"
"1511","Venezuela","2010","106"
"1512","Venezuela","2014","89"
"1513","Vietnam","1990","12"
"1514","Vietnam","1994","12"
"1515","Vietnam","1998","15"
"1516","Vietnam","2002","18"
"1517","Vietnam","2006","22"
"1518","Vietnam","2010","26"
"1519","Vietnam","2014","30"
"1520","Wallis and Futuna Is.","1990","..."
"1521","Wallis and Futuna Is.","1994","..."
"1522","Wallis and Futuna Is.","1998","..."
"1523","Wallis and Futuna Is.","2002","25"
"1524","Wallis and Futuna Is.","2006","26"
"1525","Wallis and Futuna Is.","2010","27"
"1526","Wallis and Futuna Is.","2014","28"
"1527","Yemen","1990","..."
"1528","Yemen","1994","9"
"1529","Yemen","1998","10"
"1530","Yemen","2002","11"
"1531","Yemen","2006","14"
"1532","Yemen","2010","14"
"1533","Yemen","2014","13"
"1534","Zambia","1990","28"
"1535","Zambia","1994","28"
"1536","Zambia","1998","26"
"1537","Zambia","2002","26"
"1538","Zambia","2006","27"
"1539","Zambia","2010","25"
"1540","Zambia","2014","27"
"1541","Zimbabwe","1990","39"
"1542","Zimbabwe","1994","39"
"1543","Zimbabwe","1998","35"
"1544","Zimbabwe","2002","33"
"1545","Zimbabwe","2006","33"
"1546","Zimbabwe","2010","31"
"1547","Zimbabwe","2014","34"
